tar_name,filepath,hash
timeseries_png_4071c0a3,3_visualize/out/timeseries_AK.png,4481b93ac6116f0c
timeseries_png_22064ac0,3_visualize/out/timeseries_AL.png,c43751a9444c83b3
timeseries_png_dc7832af,3_visualize/out/timeseries_AR.png,d65198410b7307fc
timeseries_png_1944bdd3,3_visualize/out/timeseries_AZ.png,ff21fddf3b3083ae
timeseries_png_7bb9209c,3_visualize/out/timeseries_CA.png,5c9e7cc75ff4bb6f
timeseries_png_37387e39,3_visualize/out/timeseries_CO.png,cc0a4285903642f0
timeseries_png_68278c6b,3_visualize/out/timeseries_CT.png,73a58846ef572539
timeseries_png_d9a592b9,3_visualize/out/timeseries_DC.png,fc5dfca8072a5ec3
timeseries_png_368e7f26,3_visualize/out/timeseries_DE.png,b2c20a209371b3d5
timeseries_png_ae2ae2d3,3_visualize/out/timeseries_FL.png,c1a3271ed28c22b0
timeseries_png_c52fbc5f,3_visualize/out/timeseries_GA.png,8a7aa0b1a2187e35
timeseries_png_1a7e5e97,3_visualize/out/timeseries_GU.png,7884cfa9d876d0d0
timeseries_png_376105de,3_visualize/out/timeseries_HI.png,1330df2e9f4bee3e
timeseries_png_0986a7e7,3_visualize/out/timeseries_IA.png,f99ab48aec565895
timeseries_png_8c10f8d8,3_visualize/out/timeseries_ID.png,f4cdc2986b3e0695
timeseries_png_7bedd6de,3_visualize/out/timeseries_IL.png,5adb0750b75c7c6f
timeseries_png_c1b2cbfc,3_visualize/out/timeseries_IN.png,4a0182891a4a3ba6
timeseries_png_11317e21,3_visualize/out/timeseries_KS.png,a3d36155af1d28f4
timeseries_png_bb54a37e,3_visualize/out/timeseries_KY.png,83e3ad0e1d2ed854
timeseries_png_0a3ae745,3_visualize/out/timeseries_LA.png,d95dc0a3aa74b6c7
timeseries_png_2ad4deca,3_visualize/out/timeseries_MA.png,7432abafb588dd1b
timeseries_png_f33e1e7a,3_visualize/out/timeseries_MD.png,5bd57819db036e18
timeseries_png_ef76a6da,3_visualize/out/timeseries_ME.png,fde996b1b16b6f31
timeseries_png_68655dba,3_visualize/out/timeseries_MI.png,c80ee4224d5fae6c
timeseries_png_a7c4f160,3_visualize/out/timeseries_MN.png,7b4848568da3885a
timeseries_png_bfcf52dc,3_visualize/out/timeseries_MO.png,48de3628ad1e637c
timeseries_png_8f6fe476,3_visualize/out/timeseries_MS.png,b236b3ba781bcb2e
timeseries_png_6976688b,3_visualize/out/timeseries_MT.png,e1d4560a20b316c1
timeseries_png_7b6c607c,3_visualize/out/timeseries_NC.png,b07f5934338c89cf
timeseries_png_c3e859da,3_visualize/out/timeseries_ND.png,e66aaa13fed12bda
timeseries_png_1339861f,3_visualize/out/timeseries_NE.png,57c3423334151364
timeseries_png_4c2beebb,3_visualize/out/timeseries_NH.png,a9ade0b4faeb9709
timeseries_png_c02f3b9a,3_visualize/out/timeseries_NJ.png,d5b3b4d67029e3e9
timeseries_png_0c67945c,3_visualize/out/timeseries_NM.png,9b10932ac1d33655
timeseries_png_1343c20e,3_visualize/out/timeseries_NV.png,64ab7ec87453e615
timeseries_png_aefbc24d,3_visualize/out/timeseries_NY.png,ceb598e9c4d25c8a
timeseries_png_4df937f3,3_visualize/out/timeseries_OH.png,0325abfcf5fd117a
timeseries_png_1cce8f5d,3_visualize/out/timeseries_OK.png,0cb53ad4751239b7
timeseries_png_80c4caf7,3_visualize/out/timeseries_OR.png,b3cf7b17c82a0b0a
timeseries_png_2a58c6a8,3_visualize/out/timeseries_PA.png,9d975bffe44f5bbf
timeseries_png_d9839135,3_visualize/out/timeseries_PR.png,20e64e47c5b607b7
timeseries_png_32cb74eb,3_visualize/out/timeseries_RI.png,e3341836341474cb
timeseries_png_e60bb06b,3_visualize/out/timeseries_SC.png,a609f4dfe3d307f7
timeseries_png_35d9d29d,3_visualize/out/timeseries_SD.png,1d71bd733aeec1f4
timeseries_png_db665569,3_visualize/out/timeseries_TN.png,ab9823e0aa53e755
timeseries_png_04877af0,3_visualize/out/timeseries_TX.png,7872d497e664a966
timeseries_png_9efcdece,3_visualize/out/timeseries_UT.png,27fb8582de099e81
timeseries_png_6e65e115,3_visualize/out/timeseries_VA.png,2daa2437a0606c55
timeseries_png_70b50d59,3_visualize/out/timeseries_VT.png,38a7be125c613a1e
timeseries_png_e9b071ce,3_visualize/out/timeseries_WA.png,d7ab5b66254d2c6a
timeseries_png_e8b60111,3_visualize/out/timeseries_WI.png,caca5cc73028bcf0
timeseries_png_fd7726bd,3_visualize/out/timeseries_WV.png,f63ea13164fd6dd0
timeseries_png_f048b301,3_visualize/out/timeseries_WY.png,15d7812b4dbd4ea2
